[{"id":1,"state":"Andhra Pradesh","districts":["Anantapur","Chittoor","East Godavari","Guntur","Krishna","Kurnool","Nellore","Prakasam","Srikakulam","Visakhapatnam","Vizianagaram","West Godavari","YSR Kadapa"],"parties":[{"name":"YSRCP","contestant":"Y. S. Jagan Mohan","image":"","id":4},{"name":"TDP","contestant":"N. Chandrababu Naidu","image":"","id":5}]},{"id":2,"state":"Arunachal Pradesh","districts":["Tawang","West Kameng","East Kameng","Papum Pare","Kurung Kumey","Kra Daadi","Lower Subansiri","Upper Subansiri","West Siang","East Siang","Siang","Upper Siang","Lower Siang","Lower Dibang Valley","Dibang Valley","Anjaw","Lohit","Namsai","Changlang","Tirap","Longding"],"parties":[{"name":"BJP","contestant":"B. L. Santhosh","image":"","id":1},{"name":"INC","contestant":"Ajay Maken","image":"","id":2},{"name":"NPP","contestant":"Conrad Sangma","image":"","id":10}]},{"id":3,"state":"Assam","districts":["Baksa","Barpeta","Biswanath","Bongaigaon","Cachar","Charaideo","Chirang","Darrang","Dhemaji","Dhubri","Dibrugarh","Goalpara","Golaghat","Hailakandi","Hojai","Jorhat","Kamrup Metropolitan","Kamrup","Karbi Anglong","Karimganj","Kokrajhar","Lakhimpur","Majuli","Morigaon","Nagaon","Nalbari","Dima Hasao","Sivasagar","Sonitpur","South Salmara-Mankachar","Tinsukia","Udalguri","West Karbi Anglong"],"parties":[{"name":"BJP","contestant":"ASHOK SINGHAL","image":"","id":1},{"name":"INC","contestant":"BENUDHAR NATH","image":"","id":2}]},{"id":4,"state":"Bihar","districts":["Araria","Arwal","Aurangabad","Banka","Begusarai","Bhagalpur","Bhojpur","Buxar","Darbhanga","East Champaran (Motihari)","Gaya","Gopalganj","Jamui","Jehanabad","Kaimur (Bhabua)","Katihar","Khagaria","Kishanganj","Lakhisarai","Madhepura","Madhubani","Munger (Monghyr)","Muzaffarpur","Nalanda","Nawada","Patna","Purnia (Purnea)","Rohtas","Saharsa","Samastipur","Saran","Sheikhpura","Sheohar","Sitamarhi","Siwan","Supaul","Vaishali","West Champaran"],"parties":[{"name":"BJP","contestant":"PAWAN KUMAR YADAV","image":"","id":1},{"name":"INC","contestant":"SHUBHANAND MUKESH","image":"","id":2}]},{"id":5,"state":"Chandigarh (UT)","districts":["Chandigarh"],"parties":[{"name":"BJP","contestant":"","image":"","id":1},{"name":"INC","contestant":"","image":"","id":2},{"name":"AAP","contestant":"","image":"","id":3}]},{"id":6,"state":"Chhattisgarh","districts":["Balod","Baloda Bazar","Balrampur","Bastar","Bemetara","Bijapur","Bilaspur","Dantewada (South Bastar)","Dhamtari","Durg","Gariyaband","Janjgir-Champa","Jashpur","Kabirdham (Kawardha)","Kanker (North Bastar)","Kondagaon","Korba","Korea (Koriya)","Mahasamund","Mungeli","Narayanpur","Raigarh","Raipur","Rajnandgaon","Sukma","Surajpur  ","Surguja"],"parties":[{"name":"BJP","contestant":"Arun sao's","image":"","id":1},{"name":"INC","contestant":"shailesh pandey","image":"","id":2}]},{"id":7,"state":"Dadra and Nagar Haveli (UT)","districts":["Dadra & Nagar Haveli"],"parties":[{"name":"BJP","contestant":"Natubhai Gomanbhai Patel","image":"","id":1},{"name":"INC","contestant":"Mohanbhai Sanjibhai Delkar","image":"","id":2}]},{"id":8,"state":"Daman and Diu (UT)","districts":["Daman","Diu"],"parties":[{"name":"BJP","contestant":"Lalubhai Patel","image":"","id":1},{"name":"INC","contestant":"Dahyabhai Patel","image":"","id":2}]},{"id":9,"state":"Delhi (NCT)","districts":["Central Delhi","East Delhi","New Delhi","North Delhi","North East  Delhi","North West  Delhi","Shahdara","South Delhi","South East Delhi","South West  Delhi","West Delhi"],"parties":[{"name":"AAP","contestant":"Arvind Kejriwal","image":"","id":3},{"name":"BJP","contestant":"Manoj Tiwari","image":"","id":1}]},{"id":10,"state":"Goa","districts":["North Goa","South Goa"],"parties":[{"name":"BJP","contestant":"J. P. Nadda","image":"","id":1},{"name":"INC","contestant":"Mallikarjun Kharge","image":"","id":2},{"name":"AAP","contestant":"Arvind Kejriwal","image":"","id":3},{"name":"GFP","constestant":"Vijai Sardesa","image":"","id":20}]},{"id":11,"state":"Gujarat","districts":["Ahmedabad","Amreli","Anand","Aravalli","Banaskantha (Palanpur)","Bharuch","Bhavnagar","Botad","Chhota Udepur","Dahod","Dangs (Ahwa)","Devbhoomi Dwarka","Gandhinagar","Gir Somnath","Jamnagar","Junagadh","Kachchh","Kheda (Nadiad)","Mahisagar","Mehsana","Morbi","Narmada (Rajpipla)","Navsari","Panchmahal (Godhra)","Patan","Porbandar","Rajkot","Sabarkantha (Himmatnagar)","Surat","Surendranagar","Tapi (Vyara)","Vadodara","Valsad"],"parties":[{"name":"BJP","contestant":"Bhupendra Patel","image":"","id":1},{"name":"INC","contestant":"Jagdish Thakor","image":"","id":2},{"name":"AAP","contestant":"Isudan Gadhvi","image":"","id":3}]},{"id":12,"state":"Haryana","districts":["Ambala","Bhiwani","Charkhi Dadri","Faridabad","Fatehabad","Gurgaon","Hisar","Jhajjar","Jind","Kaithal","Karnal","Kurukshetra","Mahendragarh","Mewat","Palwal","Panchkula","Panipat","Rewari","Rohtak","Sirsa","Sonipat","Yamunanagar"],"parties":[{"name":"BJP","contestant":"Manohar Lal Khattar","image":"","id":1},{"name":"INC","contestant":"Bhupinder Singh Hooda","image":"","id":2}]},{"id":13,"state":"Himachal Pradesh","districts":["Bilaspur","Chamba","Hamirpur","Kangra","Kinnaur","Kullu","Lahaul &amp; Spiti","Mandi","Shimla","Sirmaur (Sirmour)","Solan","Una"],"parties":[{"name":"BJP","contestant":"Jai Ram Thakur","image":"","id":1},{"name":"INC","contestant":"virbhadra singh","image":"","id":2}]},{"id":14,"state":"Jammu and Kashmir","districts":["Anantnag","Bandipore","Baramulla","Budgam","Doda","Ganderbal","Jammu","Kargil","Kathua","Kishtwar","Kulgam","Kupwara","Leh","Poonch","Pulwama","Rajouri","Ramban","Reasi","Samba","Shopian","Srinagar","Udhampur"],"parties":[{"name":"BJP","contestant":"Shamsher Singh","image":"","id":1},{"name":"INC","contestant":"Prof Saifuddin Soz","image":"","id":2}]},{"id":15,"state":"Jharkhand","districts":["Bokaro","Chatra","Deoghar","Dhanbad","Dumka","East Singhbhum","Garhwa","Giridih","Godda","Gumla","Hazaribag","Jamtara","Khunti","Koderma","Latehar","Lohardaga","Pakur","Palamu","Ramgarh","Ranchi","Sahibganj","Seraikela-Kharsawan","Simdega","West Singhbhum"],"parties":[{"name":"BJP","contestant":"Aditya Prasad","image":"","id":1},{"name":"INC","contestant":"Dhiraj Prasad Sahu","image":"","id":2}]},{"id":16,"state":"Karnataka","districts":["Bagalkot","Ballari (Bellary)","Belagavi (Belgaum)","Bengaluru (Bangalore) Rural","Bengaluru (Bangalore) Urban","Bidar","Chamarajanagar","Chikballapur","Chikkamagaluru (Chikmagalur)","Chitradurga","Dakshina Kannada","Davangere","Dharwad","Gadag","Hassan","Haveri","Kalaburagi (Gulbarga)","Kodagu","Kolar","Koppal","Mandya","Mysuru (Mysore)","Raichur","Ramanagara","Shivamogga (Shimoga)","Tumakuru (Tumkur)","Udupi","Uttara Kannada (Karwar)","Vijayapura (Bijapur)","Yadgir"],"parties":[{"name":"BJP","contestant":"G.MUNIRAJU","image":"","id":1},{"name":"INC","contestant":"P.M.NARENDRA SWAMY","image":"","id":2}]},{"id":17,"state":"Kerala","districts":["Alappuzha","Ernakulam","Idukki","Kannur","Kasaragod","Kollam","Kottayam","Kozhikode","Malappuram","Palakkad","Pathanamthitta","Thiruvananthapuram","Thrissur","Wayanad"],"parties":[{"name":"CPI(M)","contestant":"M. V. Govindan","image":"","id":6},{"name":"INC","contestant":"K. Sudhakaran","image":"","id":2},{"name":"BJP","contestant":"K. Surendran","image":"","id":1}]},{"id":18,"state":"Lakshadweep (UT)","districts":["Agatti","Amini","Androth","Bithra","Chethlath","Kavaratti","Kadmath","Kalpeni","Kilthan","Minicoy"],"parties":[{"name":"BJP","contestant":"Abdul Khader Haji","image":"","id":1},{"name":"INC","contestant":"Muhammed Hamdulla Sayeed","image":"","id":2}]},{"id":19,"state":"Madhya Pradesh","districts":["Agar Malwa","Alirajpur","Anuppur","Ashoknagar","Balaghat","Barwani","Betul","Bhind","Bhopal","Burhanpur","Chhatarpur","Chhindwara","Damoh","Datia","Dewas","Dhar","Dindori","Guna","Gwalior","Harda","Hoshangabad","Indore","Jabalpur","Jhabua","Katni","Khandwa","Khargone","Mandla","Mandsaur","Morena","Narsinghpur","Neemuch","Panna","Raisen","Rajgarh","Ratlam","Rewa","Sagar","Satna","Sehore","Seoni","Shahdol","Shajapur","Sheopur","Shivpuri","Sidhi","Singrauli","Tikamgarh","Ujjain","Umaria","Vidisha"],"parties":[{"name":"BJP","contestant":"Shivraj Singh Chouhan","image":"","id":1},{"name":"INC","contestant":"Kamal Nath","image":"","id":2}]},{"id":20,"state":"Maharashtra","districts":["Ahmednagar","Akola","Amravati","Aurangabad","Beed","Bhandara","Buldhana","Chandrapur","Dhule","Gadchiroli","Gondia","Hingoli","Jalgaon","Jalna","Kolhapur","Latur","Mumbai City","Mumbai Suburban","Nagpur","Nanded","Nandurbar","Nashik","Osmanabad","Palghar","Parbhani","Pune","Raigad","Ratnagiri","Sangli","Satara","Sindhudurg","Solapur","Thane","Wardha","Washim","Yavatmal"],"parties":[{"name":"BJP","contestant":"Devendra Fadnavis","image":"","id":1},{"name":"SHS","contestant":"Uddhav Thackeray","image":"","id":12},{"name":"NCP","contestant":"Ajit Pawar","image":"","id":13}]},{"id":21,"state":"Manipur","districts":["Bishnupur","Chandel","Churachandpur","Imphal East","Imphal West","Jiribam","Kakching","Kamjong","Kangpokpi","Noney","Pherzawl","Senapati","Tamenglong","Tengnoupal","Thoubal","Ukhrul"],"parties":[{"name":"BJP","contestant":"N. Biren Singh","image":"","id":1},{"name":"INC","contestant":"Okram Ibobi Singh","image":"","id":2}]},{"id":22,"state":"Meghalaya","districts":["East Garo Hills","East Jaintia Hills","East Khasi Hills","North Garo Hills","Ri Bhoi","South Garo Hills","South West Garo Hills ","South West Khasi Hills","West Garo Hills","West Jaintia Hills","West Khasi Hills"],"parties":[{"name":"BJP","contestant":"Ernest Mawrie","image":"","id":1},{"name":"INC","contestant":"Vincent Pala","image":"","id":2}]},{"id":23,"state":"Mizoram","districts":["Aizawl","Champhai","Kolasib","Lawngtlai","Lunglei","Mamit","Saiha","Serchhip"],"parties":[{"name":"MNF","contestant":"Lalhming Liana Shri","image":"","id":15},{"name":"INC","contestant":"Ronald Sapa Tlau","image":"","id":2}]},{"id":24,"state":"Nagaland","districts":["Dimapur","Kiphire","Kohima","Longleng","Mokokchung","Mon","Peren","Phek","Tuensang","Wokha","Zunheboto"],"parties":[{"name":"BJP","contestant":"Temjen Imna Along","image":"","id":1},{"name":"NDPP","contestant":"Neiphiu Rio","image":"","id":16}]},{"id":25,"state":"Odisha","districts":["Angul","Balangir","Balasore","Bargarh","Bhadrak","Boudh","Cuttack","Deogarh","Dhenkanal","Gajapati","Ganjam","Jagatsinghapur","Jajpur","Jharsuguda","Kalahandi","Kandhamal","Kendrapara","Kendujhar (Keonjhar)","Khordha","Koraput","Malkangiri","Mayurbhanj","Nabarangpur","Nayagarh","Nuapada","Puri","Rayagada","Sambalpur","Sonepur","Sundargarh"],"parties":[{"name":"BJP","contestant":"","image":"","id":1},{"name":"INC","contestant":"","image":"","id":2}]},{"id":26,"state":"Puducherry (UT)","districts":["Karaikal","Mahe","Pondicherry","Yanam"],"parties":[{"name":"BJP","contestant":"A. Namassivayam","image":"","id":1},{"name":"INC","contestant":"V. Narayanasamy","image":"","id":2}]},{"id":27,"state":"Punjab","districts":["Amritsar","Barnala","Bathinda","Faridkot","Fatehgarh Sahib","Fazilka","Ferozepur","Gurdaspur","Hoshiarpur","Jalandhar","Kapurthala","Ludhiana","Mansa","Moga","Muktsar","Nawanshahr (Shahid Bhagat Singh Nagar)","Pathankot","Patiala","Rupnagar","Sahibzada Ajit Singh Nagar (Mohali)","Sangrur","Tarn Taran"],"parties":[{"name":"BJP","contestant":"Ashwani kumar sharma","image":"","id":1},{"name":"AAP","contestant":"bhagwant mann","image":"","id":3},{"name":"INC","constestant":"Rahul Gandhi","image":"","id":2}]},{"id":28,"state":"Rajasthan","districts":["Ajmer","Alwar","Banswara","Baran","Barmer","Bharatpur","Bhilwara","Bikaner","Bundi","Chittorgarh","Churu","Dausa","Dholpur","Dungarpur","Hanumangarh","Jaipur","Jaisalmer","Jalore","Jhalawar","Jhunjhunu","Jodhpur","Karauli","Kota","Nagaur","Pali","Pratapgarh","Rajsamand","Sawai Madhopur","Sikar","Sirohi","Sri Ganganagar","Tonk","Udaipur"],"parties":[{"name":"BJP","contestant":"RADHEY SHYAM GANGANAGAR","image":"","id":1},{"name":"INC","contestant":"SANTOSH KUMAR SAHARAN","image":"","id":2}]},{"id":29,"state":"Sikkim","districts":["East Sikkim","North Sikkim","South Sikkim","West Sikkim"],"parties":[{"name":"BJP","contestant":"Shiv Prakash","image":"","id":1},{"name":"INC","contestant":"Jairam Ramesh","image":"","id":2}]},{"id":30,"state":"Tamil Nadu","districts":["Ariyalur","Chennai","Coimbatore","Cuddalore","Dharmapuri","Dindigul","Erode","Kanchipuram","Kanyakumari","Karur","Krishnagiri","Madurai","Nagapattinam","Namakkal","Nilgiris","Perambalur","Pudukkottai","Ramanathapuram","Salem","Sivaganga","Thanjavur","Theni","Thoothukudi (Tuticorin)","Tiruchirappalli","Tirunelveli","Tiruppur","Tiruvallur","Tiruvannamalai","Tiruvarur","Vellore","Viluppuram","Virudhunagar"],"parties":[{"name":"BJP","contestant":"K. Annamalai","image":"","id":1},{"name":"INC","contestant":"K. S. Alagiri","image":"","id":2}]},{"id":31,"state":"Telangana","districts":["Adilabad","Bhadradri Kothagudem","Hyderabad","Jagtial","Jangaon","Jayashankar Bhoopalpally","Jogulamba Gadwal","Kamareddy","Karimnagar","Khammam","Komaram Bheem Asifabad","Mahabubabad","Mahabubnagar","Mancherial","Medak","Medchal","Nagarkurnool","Nalgonda","Nirmal","Nizamabad","Peddapalli","Rajanna Sircilla","Rangareddy","Sangareddy","Siddipet","Suryapet","Vikarabad","Wanaparthy","Warangal (Rural)","Warangal (Urban)","Yadadri Bhuvanagiri"],"parties":[{"name":"BJP","contestant":"K. Laxman","image":"","id":1},{"name":"INC","contestant":"N. Uttam Kumar Reddy","image":"","id":2}]},{"id":32,"state":"Tripura","districts":["Dhalai","Gomati","Khowai","North Tripura","Sepahijala","South Tripura","Unakoti","West Tripura"],"parties":[{"name":"BJP","contestant":"Manik Saha","image":"","id":1},{"name":"INC","contestant":"Sudip Roy Barman","image":"","id":2}]},{"id":33,"state":"Uttarakhand","districts":["Almora","Bageshwar","Chamoli","Champawat","Dehradun","Haridwar","Nainital","Pauri Garhwal","Pithoragarh","Rudraprayag","Tehri Garhwal","Udham Singh Nagar","Uttarkashi"],"parties":[{"name":"BJP","contestant":"Pushkar Singh Dhami","image":"","id":1},{"name":"INC","contestant":"Harish Rawat","image":"","id":2}]},{"id":34,"state":"Uttar Pradesh","districts":["Agra","Aligarh","Allahabad","Ambedkar Nagar","Amethi (Chatrapati Sahuji Mahraj Nagar)","Amroha (J.P. Nagar)","Auraiya","Azamgarh","Baghpat","Bahraich","Ballia","Balrampur","Banda","Barabanki","Bareilly","Basti","Bhadohi","Bijnor","Budaun","Bulandshahr","Chandauli","Chitrakoot","Deoria","Etah","Etawah","Faizabad","Farrukhabad","Fatehpur","Firozabad","Gautam Buddha Nagar","Ghaziabad","Ghazipur","Gonda","Gorakhpur","Hamirpur","Hapur (Panchsheel Nagar)","Hardoi","Hathras","Jalaun","Jaunpur","Jhansi","Kannauj","Kanpur Dehat","Kanpur Nagar","Kanshiram Nagar (Kasganj)","Kaushambi","Kushinagar (Padrauna)","Lakhimpur - Kheri","Lalitpur","Lucknow","Maharajganj","Mahoba","Mainpuri","Mathura","Mau","Meerut","Mirzapur","Moradabad","Muzaffarnagar","Pilibhit","Pratapgarh","RaeBareli","Rampur","Saharanpur","Sambhal (Bhim Nagar)","Sant Kabir Nagar","Shahjahanpur","Shamali (Prabuddh Nagar)","Shravasti","Siddharth Nagar","Sitapur","Sonbhadra","Sultanpur","Unnao","Varanasi"],"parties":[{"name":"BJP","contestant":"Yogi adityanath","image":"","id":1},{"name":"INC","contestant":"Aradhana mishra","image":"","id":2}]},{"id":35,"state":"West Bengal","districts":["Alipurduar","Bankura","Birbhum","Burdwan (Bardhaman)","Cooch Behar","Dakshin Dinajpur (South Dinajpur)","Darjeeling","Hooghly","Howrah","Jalpaiguri","Kalimpong","Kolkata","Malda","Murshidabad","Nadia","North 24 Parganas","Paschim Medinipur (West Medinipur)","Purba Medinipur (East Medinipur)","Purulia","South 24 Parganas","Uttar Dinajpur (North Dinajpur)"],"parties":[{"name":"BJP","contestant":"Dilip Ghosh","image":"","id":1},{"name":"TMC","contestant":"Mamata Banerjee","image":"","id":9}]}]